-- MySQL dump 10.9
--
-- Host: localhost    Database: keyword_3_12
-- ------------------------------------------------------
-- Server version	4.1.22-standard

/*!40101 SET @OLD_CHARACTER_SET_CLIENT=@@CHARACTER_SET_CLIENT */;
/*!40101 SET @OLD_CHARACTER_SET_RESULTS=@@CHARACTER_SET_RESULTS */;
/*!40101 SET @OLD_COLLATION_CONNECTION=@@COLLATION_CONNECTION */;
/*!40101 SET NAMES utf8 */;
/*!40014 SET @OLD_UNIQUE_CHECKS=@@UNIQUE_CHECKS, UNIQUE_CHECKS=0 */;
/*!40014 SET @OLD_FOREIGN_KEY_CHECKS=@@FOREIGN_KEY_CHECKS, FOREIGN_KEY_CHECKS=0 */;
/*!40101 SET @OLD_SQL_MODE=@@SQL_MODE, SQL_MODE='NO_AUTO_VALUE_ON_ZERO' */;
/*!40111 SET @OLD_SQL_NOTES=@@SQL_NOTES, SQL_NOTES=0 */;

--
-- Table structure for table `keyword`
--

DROP TABLE IF EXISTS `keyword`;
CREATE TABLE `keyword` (
  `keyword_id` int(11) NOT NULL auto_increment,
  `object_id` int(11) NOT NULL default '0',
  `primary_id` varchar(50) NOT NULL default '',
  `keyword` varchar(200) NOT NULL default '',
  `keyword_normalized` varchar(200) NOT NULL default '',
  `keyword_type_id` int(11) NOT NULL default '0',
  `object_class_id` int(11) NOT NULL default '0',
  PRIMARY KEY  (`keyword_id`),
  KEY `keyword_normalized` (`keyword_normalized`),
  KEY `object_class_id` (`object_class_id`),
  KEY `keyword_type_id` (`keyword_type_id`)
) ENGINE=MyISAM AUTO_INCREMENT=5906564 DEFAULT CHARSET=latin1;

--
-- Dumping data for table `keyword`
--
-- WHERE:  true LIMIT 1000

LOCK TABLES `keyword` WRITE;
/*!40000 ALTER TABLE `keyword` DISABLE KEYS */;
INSERT INTO `keyword` VALUES (1,1,'1','GO:0005575','GO0005575',1,1),(2,1,'1','GO:0003674','GO0003674',1,1),(3,1,'1','GO:0005576','GO0005576',1,1),(4,1,'1','GO:0008150','GO0008150',1,1),(5,1,'1','138670','138670',2,1),(6,1,'1','DT.40184565','DT40184565',3,1),(7,1,'1','DT.525512','DT525512',3,1),(8,1,'1','DT.100768640','DT100768640',3,1),(9,1,'1','DT.100878031','DT100878031',3,1),(10,1,'1','DT.207949','DT207949',3,1),(11,1,'1','DT.95137571','DT95137571',3,1),(12,1,'1','DT.95204464','DT95204464',3,1),(13,1,'1','DT.97823153','DT97823153',3,1),(14,1,'1','A1BG','a1bg',4,1),(15,1,'1','Rn.53990','53990',5,1),(16,1,'1','Mm.291499','291499',5,1),(17,1,'1','Hs.529161','529161',5,1),(18,1,'1','1369509_a_at','1369509aat',6,1),(19,1,'1','229819_at','229819at',6,1),(20,1,'1','51020_at','51020at',6,1),(21,1,'1','C44','c44',7,1),(22,1,'1','C44','c44',7,1),(23,1,'1','A1B','a1b',7,1),(24,1,'1','ABG','abg',7,1),(25,1,'1','DKFZp686F0970','dkfzp686f0970',7,1),(26,1,'1','GAB','gab',7,1),(27,1,'1','HYST2477','hyst2477',7,1),(28,1,'1','A1bg','a1bg',7,1),(29,1,'1','A1bg','a1bg',7,1),(30,1,'1','A1BG','a1bg',7,1),(31,1,'1','140656','140656',8,1),(32,1,'1','117586','117586',8,1),(33,1,'1','1','1',8,1),(34,1,'1','NM_022258','NM022258',9,1),(35,1,'1','NP_071594','NP071594',9,1),(36,1,'1','NM_001081067','NM001081067',9,1),(37,1,'1','NP_001074536','NP001074536',9,1),(38,1,'1','NM_130786','NM130786',9,1),(39,1,'1','NP_570602','NP570602',9,1),(40,2,'2','GO:0005615','GO0005615',1,1),(41,2,'2','GO:0005102','GO0005102',1,1),(42,2,'2','GO:0019966','GO0019966',1,1),(43,2,'2','GO:0005737','GO0005737',1,1),(44,2,'2','GO:0005515','GO0005515',1,1),(45,2,'2','GO:0017114','GO0017114',1,1),(46,2,'2','GO:0007584','GO0007584',1,1),(47,2,'2','GO:0005576','GO0005576',1,1),(48,2,'2','GO:0004866','GO0004866',1,1),(49,2,'2','GO:0051384','GO0051384',1,1),(50,2,'2','GO:0009611','GO0009611',1,1),(51,2,'2','GO:0010037','GO0010037',1,1),(52,2,'2','GO:0007565','GO0007565',1,1),(53,2,'2','GO:0005634','GO0005634',1,1),(54,2,'2','GO:0004867','GO0004867',1,1),(55,2,'2','GO:0042221','GO0042221',1,1),(56,2,'2','GO:0006953','GO0006953',1,1),(57,2,'2','GO:0030414','GO0030414',1,1),(58,2,'2','GO:0006954','GO0006954',1,1),(59,2,'2','GO:0043120','GO0043120',1,1),(60,2,'2','GO:0031093','GO0031093',1,1),(61,2,'2','GO:0019899','GO0019899',1,1),(62,2,'2','GO:0019959','GO0019959',1,1),(63,2,'2','103950','103950',2,1),(64,2,'2','DT.97396488','DT97396488',3,1),(65,2,'2','DT.100034913','DT100034913',3,1),(66,2,'2','DT.100708503','DT100708503',3,1),(67,2,'2','DT.100708507','DT100708507',3,1),(68,2,'2','DT.95325241','DT95325241',3,1),(69,2,'2','DT.95336010','DT95336010',3,1),(70,2,'2','DT.95336016','DT95336016',3,1),(71,2,'2','A2M','a2m',4,1),(72,2,'2','Rn.109457','109457',5,1),(73,2,'2','Mm.30151','30151',5,1),(74,2,'2','Hs.212838','212838',5,1),(75,2,'2','1367794_at','1367794at',6,1),(76,2,'2','M22670cds_at','M22670cdsat',6,1),(77,2,'2','M22670cds_g_at','M22670cdsgat',6,1),(78,2,'2','M23566exon_s_at','M23566exonsat',6,1),(79,2,'2','X13983mRNA_at','X13983mRNAat',6,1),(80,2,'2','rc_AA900582_at','rcAA900582at',6,1),(81,2,'2','rc_AI113046_at','rcAI113046at',6,1),(82,2,'2','104486_at','104486at',6,1),(83,2,'2','1434719_at','1434719at',6,1),(84,2,'2','217757_at','217757at',6,1),(85,2,'2','1558450_at','1558450at',6,1),(86,2,'2','67895_at','67895at',6,1),(87,2,'2','74536_i_at','74536iat',6,1),(88,2,'2','74537_f_at','74537fat',6,1),(89,2,'2','75187_f_at','75187fat',6,1),(90,2,'2','83441_r_at','83441rat',6,1),(91,2,'2','A2m1','a2m1',7,1),(92,2,'2','A2maa','a2maa',7,1),(93,2,'2','A2MAC1','a2mac1',7,1),(94,2,'2','Mam','mam',7,1),(95,2,'2','MGC114358','mgc114358',7,1),(96,2,'2','RATA2MAC1','rata2mac1',7,1),(97,2,'2','A2mp','a2mp',7,1),(98,2,'2','CPAMD5','cpamd5',7,1),(99,2,'2','DKFZp779B086','dkfzp779b086',7,1),(100,2,'2','FWP007','fwp007',7,1),(101,2,'2','S863-7','s8637',7,1),(102,2,'2','A2m','a2m',7,1),(103,2,'2','A2m','a2m',7,1),(104,2,'2','A2M','a2m',7,1),(105,2,'2','24153','24153',8,1),(106,2,'2','232345','232345',8,1),(107,2,'2','2','2',8,1),(108,2,'2','NM_012488','NM012488',9,1),(109,2,'2','NP_036620','NP036620',9,1),(110,2,'2','NM_175628','NM175628',9,1),(111,2,'2','NP_783327','NP783327',9,1),(112,2,'2','NM_000014','NM000014',9,1),(113,2,'2','NP_000005','NP000005',9,1),(114,3,'3','A2MP','a2mp',4,1),(115,3,'3','A2MP','a2mp',7,1),(116,3,'3','3','3',8,1),(117,4,'9','GO:0004060','GO0004060',1,1),(118,4,'9','GO:0005737','GO0005737',1,1),(119,4,'9','GO:0005829','GO0005829',1,1),(120,4,'9','GO:0008080','GO0008080',1,1),(121,4,'9','GO:0016407','GO0016407',1,1),(122,4,'9','GO:0005575','GO0005575',1,1),(123,4,'9','GO:0008152','GO0008152',1,1),(124,4,'9','GO:0048565','GO0048565',1,1),(125,4,'9','GO:0008415','GO0008415',1,1),(126,4,'9','GO:0016740','GO0016740',1,1),(127,4,'9','108345','108345',2,1),(128,4,'9','DT.40145596','DT40145596',3,1),(129,4,'9','DT.40154366','DT40154366',3,1),(130,4,'9','DT.91336569','DT91336569',3,1),(131,4,'9','DT.100746983','DT100746983',3,1),(132,4,'9','DT.121491283','DT121491283',3,1),(133,4,'9','DT.121491295','DT121491295',3,1),(134,4,'9','DT.121491296','DT121491296',3,1),(135,4,'9','DT.212955','DT212955',3,1),(136,4,'9','DT.75190644','DT75190644',3,1),(137,4,'9','DT.92018326','DT92018326',3,1),(138,4,'9','DT.95269815','DT95269815',3,1),(139,4,'9','NAT1','nat1',4,1),(140,4,'9','Rn.198370','198370',5,1),(141,4,'9','Mm.4695','4695',5,1),(142,4,'9','Hs.591847','591847',5,1),(143,4,'9','1369747_at','1369747at',6,1),(144,4,'9','U01347_f_at','U01347fat',6,1),(145,4,'9','U01348_at','U01348at',6,1),(146,4,'9','U01348_g_at','U01348gat',6,1),(147,4,'9','U17261_s_at','U17261sat',6,1),(148,4,'9','92746_at','92746at',6,1),(149,4,'9','1449981_a_at','1449981aat',6,1),(150,4,'9','214440_at','214440at',6,1),(151,4,'9','38187_at','38187at',6,1),(152,4,'9','66045_at','66045at',6,1),(153,4,'9','AV377607','av377607',7,1),(154,4,'9','AAC1','aac1',7,1),(155,4,'9','NATI','nati',7,1),(156,4,'9','Nat2','nat2',7,1),(157,4,'9','Nat2','nat2',7,1),(158,4,'9','NAT1','nat1',7,1),(159,4,'9','116632','116632',8,1),(160,4,'9','17961','17961',8,1),(161,4,'9','9','9',8,1),(162,4,'9','NM_053854','NM053854',9,1),(163,4,'9','NP_446306','NP446306',9,1),(164,4,'9','NM_010874','NM010874',9,1),(165,4,'9','NP_035004','NP035004',9,1),(166,4,'9','NM_000662','NM000662',9,1),(167,4,'9','NP_000653','NP000653',9,1),(168,5,'10','GO:0004060','GO0004060',1,1),(169,5,'10','GO:0005737','GO0005737',1,1),(170,5,'10','GO:0005829','GO0005829',1,1),(171,5,'10','GO:0030371','GO0030371',1,1),(172,5,'10','GO:0008080','GO0008080',1,1),(173,5,'10','GO:0016407','GO0016407',1,1),(174,5,'10','GO:0005575','GO0005575',1,1),(175,5,'10','GO:0001889','GO0001889',1,1),(176,5,'10','GO:0008152','GO0008152',1,1),(177,5,'10','GO:0008415','GO0008415',1,1),(178,5,'10','GO:0016740','GO0016740',1,1),(179,5,'10','612182','612182',2,1),(180,5,'10','DT.87039541','DT87039541',3,1),(181,5,'10','DT.121480213','DT121480213',3,1),(182,5,'10','DT.312018','DT312018',3,1),(183,5,'10','NAT2','nat2',4,1),(184,5,'10','Mm.14125','14125',5,1),(185,5,'10','Rn.37420','37420',5,1),(186,5,'10','Hs.2','2',5,1),(187,5,'10','94723_at','94723at',6,1),(188,5,'10','1421758_at','1421758at',6,1),(189,5,'10','1368434_at','1368434at',6,1),(190,5,'10','1387187_a_at','1387187aat',6,1),(191,5,'10','U01344_at','U01344at',6,1),(192,5,'10','U01344_g_at','U01344gat',6,1),(193,5,'10','U01345_at','U01345at',6,1),(194,5,'10','U01346_at','U01346at',6,1),(195,5,'10','U17260_s_at','U17260sat',6,1),(196,5,'10','206797_at','206797at',6,1),(197,5,'10','38912_at','38912at',6,1),(198,5,'10','Nat-1','nat1',7,1),(199,5,'10','AAC2','aac2',7,1),(200,5,'10','PNAT','pnat',7,1),(201,5,'10','Nat1','nat1',7,1),(202,5,'10','Nat1','nat1',7,1),(203,5,'10','NAT2','nat2',7,1),(204,5,'10','17960','17960',8,1),(205,5,'10','116631','116631',8,1),(206,5,'10','10','10',8,1),(207,5,'10','NM_008673','NM008673',9,1),(208,5,'10','NP_032699','NP032699',9,1),(209,5,'10','NM_001037315','NM001037315',9,1),(210,5,'10','NM_001037316','NM001037316',9,1),(211,5,'10','NM_053853','NM053853',9,1),(212,5,'10','NP_001032392','NP001032392',9,1),(213,5,'10','NP_001032393','NP001032393',9,1),(214,5,'10','NP_446305','NP446305',9,1),(215,5,'10','NM_000015','NM000015',9,1),(216,5,'10','NP_000006','NP000006',9,1),(217,6,'11','AACP','aacp',4,1),(218,6,'11','NATP','natp',7,1),(219,6,'11','AACP','aacp',7,1),(220,6,'11','11','11',8,1),(221,7,'12','GO:0003677','GO0003677',1,1),(222,7,'12','GO:0034097','GO0034097',1,1),(223,7,'12','GO:0005515','GO0005515',1,1),(224,7,'12','GO:0000267','GO0000267',1,1),(225,7,'12','GO:0019216','GO0019216',1,1),(226,7,'12','GO:0005576','GO0005576',1,1),(227,7,'12','GO:0004866','GO0004866',1,1),(228,7,'12','GO:0005634','GO0005634',1,1),(229,7,'12','GO:0004867','GO0004867',1,1),(230,7,'12','GO:0005622','GO0005622',1,1),(231,7,'12','GO:0043434','GO0043434',1,1),(232,7,'12','GO:0006953','GO0006953',1,1),(233,7,'12','GO:0006954','GO0006954',1,1),(234,7,'12','GO:0030569','GO0030569',1,1),(235,7,'12','107280','107280',2,1),(236,7,'12','DT.55136724','DT55136724',3,1),(237,7,'12','DT.94207980','DT94207980',3,1),(238,7,'12','DT.100890333','DT100890333',3,1),(239,7,'12','DT.100890356','DT100890356',3,1),(240,7,'12','DT.101984834','DT101984834',3,1),(241,7,'12','DT.454351','DT454351',3,1),(242,7,'12','DT.86859776','DT86859776',3,1),(243,7,'12','DT.92463702','DT92463702',3,1),(244,7,'12','DT.95353177','DT95353177',3,1),(245,7,'12','DT.95375744','DT95375744',3,1),(246,7,'12','SERPINA3','serpina3',4,1),(247,7,'12','Mm.291569','291569',5,1),(248,7,'12','Rn.202939','202939',5,1),(249,7,'12','Hs.534293','534293',5,1),(250,7,'12','104374_at','104374at',6,1),(251,7,'12','1419100_at','1419100at',6,1),(252,7,'12','1368224_at','1368224at',6,1),(253,7,'12','D00753_at','D00753at',6,1),(254,7,'12','202376_at','202376at',6,1),(255,7,'12','33825_at','33825at',6,1),(256,7,'12','57695_at','57695at',6,1),(257,7,'12','75248_at','75248at',6,1),(258,7,'12','Spi2-2','spi22',7,1),(259,7,'12','Spi2.2','spi22',7,1),(260,7,'12','Spi2/eb.4','spi2eb4',7,1),(261,7,'12','CPi-26','cpi26',7,1),(262,7,'12','MGC93363','mgc93363',7,1),(263,7,'12','Spi-2.2','spi22',7,1),(264,7,'12','SPI3','spi3',7,1),(265,7,'12','Spin2c','spin2c',7,1),(266,7,'12','Spin3','spin3',7,1),(267,7,'12','AACT','aact',7,1),(268,7,'12','ACT','act',7,1),(269,7,'12','GIG24','gig24',7,1),(270,7,'12','GIG25','gig25',7,1),(271,7,'12','MGC88254','mgc88254',7,1),(272,7,'12','Serpina3n','serpina3n',7,1),(273,7,'12','Serpina3n','serpina3n',7,1),(274,7,'12','SERPINA3','serpina3',7,1),(275,7,'12','20716','20716',8,1),(276,7,'12','24795','24795',8,1),(277,7,'12','12','12',8,1),(278,7,'12','NM_009252','NM009252',9,1),(279,7,'12','NP_033278','NP033278',9,1),(280,7,'12','NM_031531','NM031531',9,1),(281,7,'12','NP_113719','NP113719',9,1),(282,7,'12','NM_001085','NM001085',9,1),(283,7,'12','NP_001076','NP001076',9,1),(284,8,'13','GO:0016020','GO0016020',1,1),(285,8,'13','GO:0005783','GO0005783',1,1),(286,8,'13','GO:0005737','GO0005737',1,1),(287,8,'13','GO:0016787','GO0016787',1,1),(288,8,'13','GO:0004091','GO0004091',1,1),(289,8,'13','GO:0016298','GO0016298',1,1),(290,8,'13','GO:0016021','GO0016021',1,1),(291,8,'13','GO:0005792','GO0005792',1,1),(292,8,'13','GO:0008152','GO0008152',1,1),(293,8,'13','GO:0019213','GO0019213',1,1),(294,8,'13','GO:0005789','GO0005789',1,1),(295,8,'13','GO:0006629','GO0006629',1,1),(296,8,'13','600338','600338',2,1),(297,8,'13','DT.97354585','DT97354585',3,1),(298,8,'13','DT.415010','DT415010',3,1),(299,8,'13','DT.95156022','DT95156022',3,1),(300,8,'13','AADAC','aadac',4,1),(301,8,'13','Mm.24547','24547',5,1),(302,8,'13','Rn.48732','48732',5,1),(303,8,'13','Hs.506908','506908',5,1),(304,8,'13','95439_at','95439at',6,1),(305,8,'13','1448813_at','1448813at',6,1),(306,8,'13','1369492_at','1369492at',6,1),(307,8,'13','205969_at','205969at',6,1),(308,8,'13','36512_at','36512at',6,1),(309,8,'13','87906_i_at','87906iat',6,1),(310,8,'13','5033417E09Rik','5033417e09rik',7,1),(311,8,'13','Aada','aada',7,1),(312,8,'13','AI265437','ai265437',7,1),(313,8,'13','Aada','aada',7,1),(314,8,'13','CES5A1','ces5a1',7,1),(315,8,'13','DAC','dac',7,1),(316,8,'13','Aadac','aadac',7,1),(317,8,'13','Aadac','aadac',7,1),(318,8,'13','AADAC','aadac',7,1),(319,8,'13','67758','67758',8,1),(320,8,'13','57300','57300',8,1),(321,8,'13','13','13',8,1),(322,8,'13','NM_023383','NM023383',9,1),(323,8,'13','NP_075872','NP075872',9,1),(324,8,'13','NM_020538','NM020538',9,1),(325,8,'13','NP_065413','NP065413',9,1),(326,8,'13','NM_001086','NM001086',9,1),(327,8,'13','NP_001077','NP001077',9,1),(328,9,'14','GO:0014909','GO0014909',1,1),(329,9,'14','GO:0005737','GO0005737',1,1),(330,9,'14','GO:0003674','GO0003674',1,1),(331,9,'14','GO:0008201','GO0008201',1,1),(332,9,'14','GO:0005886','GO0005886',1,1),(333,9,'14','GO:0005575','GO0005575',1,1),(334,9,'14','GO:0030154','GO0030154',1,1),(335,9,'14','GO:0001525','GO0001525',1,1),(336,9,'14','GO:0009986','GO0009986',1,1),(337,9,'14','GO:0007275','GO0007275',1,1),(338,9,'14','GO:0008150','GO0008150',1,1),(339,9,'14','603488','603488',2,1),(340,9,'14','DT.101383758','DT101383758',3,1),(341,9,'14','DT.535079','DT535079',3,1),(342,9,'14','DT.537269','DT537269',3,1),(343,9,'14','DT.94409075','DT94409075',3,1),(344,9,'14','DT.100759266','DT100759266',3,1),(345,9,'14','DT.100881133','DT100881133',3,1),(346,9,'14','DT.100881144','DT100881144',3,1),(347,9,'14','DT.453474','DT453474',3,1),(348,9,'14','DT.87015735','DT87015735',3,1),(349,9,'14','DT.95268731','DT95268731',3,1),(350,9,'14','DT.95268738','DT95268738',3,1),(351,9,'14','AAMP','aamp',4,1),(352,9,'14','Mm.379371','379371',5,1),(353,9,'14','Rn.13592','13592',5,1),(354,9,'14','Hs.83347','83347',5,1),(355,9,'14','98064_at','98064at',6,1),(356,9,'14','1454754_a_at','1454754aat',6,1),(357,9,'14','1398975_at','1398975at',6,1),(358,9,'14','1380987_at','1380987at',6,1),(359,9,'14','1394853_at','1394853at',6,1),(360,9,'14','1395346_at','1395346at',6,1),(361,9,'14','201511_at','201511at',6,1),(362,9,'14','38434_at','38434at',6,1),(363,9,'14','Aamp-rs','aamprs',7,1),(364,9,'14','AU040907','au040907',7,1),(365,9,'14','MGC30660','mgc30660',7,1),(366,9,'14','Aamp','aamp',7,1),(367,9,'14','Aamp','aamp',7,1),(368,9,'14','AAMP','aamp',7,1),(369,9,'14','227290','227290',8,1),(370,9,'14','301512','301512',8,1),(371,9,'14','14','14',8,1),(372,9,'14','NM_146110','NM146110',9,1),(373,9,'14','NP_666222','NP666222',9,1),(374,9,'14','NM_001106920','NM001106920',9,1),(375,9,'14','XM_001057423','XM001057423',9,1),(376,9,'14','XM_217441','XM217441',9,1),(377,9,'14','NP_001100390','NP001100390',9,1),(378,9,'14','XP_001057423','XP001057423',9,1),(379,9,'14','XP_217441','XP217441',9,1),(380,9,'14','NM_001087','NM001087',9,1),(381,9,'14','NP_001078','NP001078',9,1),(382,10,'15','GO:0014070','GO0014070',1,1),(383,10,'15','GO:0004060','GO0004060',1,1),(384,10,'15','GO:0034695','GO0034695',1,1),(385,10,'15','GO:0034097','GO0034097',1,1),(386,10,'15','GO:0009416','GO0009416',1,1),(387,10,'15','GO:0005737','GO0005737',1,1),(388,10,'15','GO:0009648','GO0009648',1,1),(389,10,'15','GO:0008080','GO0008080',1,1),(390,10,'15','GO:0043153','GO0043153',1,1),(391,10,'15','GO:0007623','GO0007623',1,1),(392,10,'15','GO:0008152','GO0008152',1,1),(393,10,'15','GO:0032868','GO0032868',1,1),(394,10,'15','GO:0051591','GO0051591',1,1),(395,10,'15','GO:0010043','GO0010043',1,1),(396,10,'15','GO:0046688','GO0046688',1,1),(397,10,'15','GO:0008415','GO0008415',1,1),(398,10,'15','GO:0004059','GO0004059',1,1),(399,10,'15','GO:0051592','GO0051592',1,1),(400,10,'15','GO:0030187','GO0030187',1,1),(401,10,'15','GO:0016740','GO0016740',1,1),(402,10,'15','GO:0051412','GO0051412',1,1),(403,10,'15','600950','600950',2,1),(404,10,'15','DT.101724513','DT101724513',3,1),(405,10,'15','DT.55255563','DT55255563',3,1),(406,10,'15','DT.87050206','DT87050206',3,1),(407,10,'15','DT.91335053','DT91335053',3,1),(408,10,'15','DT.100670397','DT100670397',3,1),(409,10,'15','DT.208592','DT208592',3,1),(410,10,'15','AANAT','aanat',4,1),(411,10,'15','Mm.418559','418559',5,1),(412,10,'15','Rn.88180','88180',5,1),(413,10,'15','Hs.431417','431417',5,1),(414,10,'15','92511_at','92511at',6,1),(415,10,'15','92512_g_at','92512gat',6,1),(416,10,'15','1421666_a_at','1421666aat',6,1),(417,10,'15','1387255_at','1387255at',6,1),(418,10,'15','U38306_s_at','U38306sat',6,1),(419,10,'15','207225_at','207225at',6,1),(420,10,'15','36332_at','36332at',6,1),(421,10,'15','MGC151344','mgc151344',7,1),(422,10,'15','Nat-2','nat2',7,1),(423,10,'15','Nat4','nat4',7,1),(424,10,'15','SNAT','snat',7,1),(425,10,'15','AA-NAT','aanat',7,1),(426,10,'15','Nat4','nat4',7,1),(427,10,'15','AA-NAT','aanat',7,1),(428,10,'15','SNAT','snat',7,1),(429,10,'15','Aanat','aanat',7,1),(430,10,'15','Aanat','aanat',7,1),(431,10,'15','AANAT','aanat',7,1),(432,10,'15','11298','11298',8,1),(433,10,'15','25120','25120',8,1),(434,10,'15','15','15',8,1),(435,10,'15','NM_009591','NM009591',9,1),(436,10,'15','NP_033721','NP033721',9,1),(437,10,'15','NM_012818','NM012818',9,1),(438,10,'15','NP_036950','NP036950',9,1),(439,10,'15','NM_001088','NM001088',9,1),(440,10,'15','NP_001079','NP001079',9,1),(441,11,'16','GO:0016876','GO0016876',1,1),(442,11,'16','GO:0043200','GO0043200',1,1),(443,11,'16','GO:0043588','GO0043588',1,1),(444,11,'16','GO:0016597','GO0016597',1,1),(445,11,'16','GO:0005524','GO0005524',1,1),(446,11,'16','GO:0034620','GO0034620',1,1),(447,11,'16','GO:0005737','GO0005737',1,1),(448,11,'16','GO:0016874','GO0016874',1,1),(449,11,'16','GO:0000166','GO0000166',1,1),(450,11,'16','GO:0043039','GO0043039',1,1),(451,11,'16','GO:0030968','GO0030968',1,1),(452,11,'16','GO:0005575','GO0005575',1,1),(453,11,'16','GO:0006457','GO0006457',1,1),(454,11,'16','GO:0021680','GO0021680',1,1),(455,11,'16','GO:0043524','GO0043524',1,1),(456,11,'16','GO:0000049','GO0000049',1,1),(457,11,'16','GO:0005625','GO0005625',1,1),(458,11,'16','GO:0003676','GO0003676',1,1),(459,11,'16','GO:0006412','GO0006412',1,1),(460,11,'16','GO:0006400','GO0006400',1,1),(461,11,'16','GO:0004812','GO0004812',1,1),(462,11,'16','GO:0050905','GO0050905',1,1),(463,11,'16','GO:0050885','GO0050885',1,1),(464,11,'16','GO:0006419','GO0006419',1,1),(465,11,'16','GO:0001942','GO0001942',1,1),(466,11,'16','GO:0004813','GO0004813',1,1),(467,11,'16','601065','601065',2,1),(468,11,'16','DT.101163416','DT101163416',3,1),(469,11,'16','DT.101331116','DT101331116',3,1),(470,11,'16','DT.101405568','DT101405568',3,1),(471,11,'16','DT.495511','DT495511',3,1),(472,11,'16','DT.91418006','DT91418006',3,1),(473,11,'16','DT.91568638','DT91568638',3,1),(474,11,'16','DT.91571756','DT91571756',3,1),(475,11,'16','DT.99866548','DT99866548',3,1),(476,11,'16','DT.448485','DT448485',3,1),(477,11,'16','DT.95262752','DT95262752',3,1),(478,11,'16','AARS','aars',4,1),(479,11,'16','Rn.8645','8645',5,1),(480,11,'16','Mm.24174','24174',5,1),(481,11,'16','Hs.315137','315137',5,1),(482,11,'16','1388394_at','1388394at',6,1),(483,11,'16','94918_at','94918at',6,1),(484,11,'16','1423685_at','1423685at',6,1),(485,11,'16','1451083_s_at','1451083sat',6,1),(486,11,'16','201000_at','201000at',6,1),(487,11,'16','36185_at','36185at',6,1),(488,11,'16','89250_at','89250at',6,1),(489,11,'16','AI316495','ai316495',7,1),(490,11,'16','C76919','c76919',7,1),(491,11,'16','MGC37368','mgc37368',7,1),(492,11,'16','sti','sti',7,1),(493,11,'16','Aars','aars',7,1),(494,11,'16','Aars','aars',7,1),(495,11,'16','AARS','aars',7,1),(496,11,'16','292023','292023',8,1),(497,11,'16','234734','234734',8,1),(498,11,'16','16','16',8,1),(499,11,'16','NM_001100517','NM001100517',9,1),(500,11,'16','XM_001077503','XM001077503',9,1),(501,11,'16','XM_214690','XM214690',9,1),(502,11,'16','NP_001093987','NP001093987',9,1),(503,11,'16','XP_001077503','XP001077503',9,1),(504,11,'16','XP_214690','XP214690',9,1),(505,11,'16','NM_146217','NM146217',9,1),(506,11,'16','NP_666329','NP666329',9,1),(507,11,'16','NM_001605','NM001605',9,1),(508,11,'16','NP_001596','NP001596',9,1),(509,12,'17','102699','102699',2,1),(510,12,'17','AAVS1','aavs1',4,1),(511,12,'17','AAV','aav',7,1),(512,12,'17','AAVS1','aavs1',7,1),(513,12,'17','17','17',8,1),(514,13,'18','GO:0005759','GO0005759',1,1),(515,13,'18','GO:0035094','GO0035094',1,1),(516,13,'18','GO:0019717','GO0019717',1,1),(517,13,'18','GO:0045471','GO0045471',1,1),(518,13,'18','GO:0047298','GO0047298',1,1),(519,13,'18','GO:0045776','GO0045776',1,1),(520,13,'18','GO:0005515','GO0005515',1,1),(521,13,'18','GO:0042135','GO0042135',1,1),(522,13,'18','GO:0005739','GO0005739',1,1),(523,13,'18','GO:0030170','GO0030170',1,1),(524,13,'18','GO:0007610','GO0007610',1,1),(525,13,'18','GO:0042493','GO0042493',1,1),(526,13,'18','GO:0032144','GO0032144',1,1),(527,13,'18','GO:0048148','GO0048148',1,1),(528,13,'18','GO:0009448','GO0009448',1,1),(529,13,'18','GO:0010039','GO0010039',1,1),(530,13,'18','GO:0003824','GO0003824',1,1),(531,13,'18','GO:0042803','GO0042803',1,1),(532,13,'18','GO:0001666','GO0001666',1,1),(533,13,'18','GO:0007620','GO0007620',1,1),(534,13,'18','GO:0007626','GO0007626',1,1),(535,13,'18','GO:0032145','GO0032145',1,1),(536,13,'18','GO:0008483','GO0008483',1,1),(537,13,'18','GO:0009450','GO0009450',1,1),(538,13,'18','GO:0016740','GO0016740',1,1),(539,13,'18','GO:0042220','GO0042220',1,1),(540,13,'18','GO:0003867','GO0003867',1,1),(541,13,'18','137150','137150',2,1),(542,13,'18','DT.101310557','DT101310557',3,1),(543,13,'18','DT.101356611','DT101356611',3,1),(544,13,'18','DT.101738817','DT101738817',3,1),(545,13,'18','DT.103568298','DT103568298',3,1),(546,13,'18','DT.97334888','DT97334888',3,1),(547,13,'18','DT.100008010','DT100008010',3,1),(548,13,'18','DT.100814053','DT100814053',3,1),(549,13,'18','DT.101983594','DT101983594',3,1),(550,13,'18','DT.454527','DT454527',3,1),(551,13,'18','DT.99933573','DT99933573',3,1),(552,13,'18','ABAT','abat',4,1),(553,13,'18','Mm.259315','259315',5,1),(554,13,'18','Rn.10090','10090',5,1),(555,13,'18','Hs.336768','336768',5,1),(556,13,'18','1422226_at','1422226at',6,1),(557,13,'18','1433855_at','1433855at',6,1),(558,13,'18','1369799_at','1369799at',6,1),(559,13,'18','D87839_at','D87839at',6,1),(560,13,'18','D87839_g_at','D87839gat',6,1),(561,13,'18','206527_at','206527at',6,1),(562,13,'18','209459_s_at','209459sat',6,1),(563,13,'18','209460_at','209460at',6,1),(564,13,'18','33445_at','33445at',6,1),(565,13,'18','33446_at','33446at',6,1),(566,13,'18','36364_at','36364at',6,1),(567,13,'18','68707_at','68707at',6,1),(568,13,'18','9630038C02Rik','9630038c02rik',7,1),(569,13,'18','AI255750','ai255750',7,1),(570,13,'18','GABA-T','gabat',7,1),(571,13,'18','I54','i54',7,1),(572,13,'18','X61497','x61497',7,1),(573,13,'18','beta-AlaAT','betaalaat',7,1),(574,13,'18','Gabat','gabat',7,1),(575,13,'18','MGC93392','mgc93392',7,1),(576,13,'18','FLJ17813','flj17813',7,1),(577,13,'18','GABA-AT','gabaat',7,1),(578,13,'18','GABAT','gabat',7,1),(579,13,'18','NPD009','npd009',7,1),(580,13,'18','Abat','abat',7,1),(581,13,'18','Abat','abat',7,1),(582,13,'18','ABAT','abat',7,1),(583,13,'18','268860','268860',8,1),(584,13,'18','81632','81632',8,1),(585,13,'18','18','18',8,1),(586,13,'18','NM_172961','NM172961',9,1),(587,13,'18','NP_766549','NP766549',9,1),(588,13,'18','NM_031003','NM031003',9,1),(589,13,'18','NP_112265','NP112265',9,1),(590,13,'18','NM_000663','NM000663',9,1),(591,13,'18','NM_001127448','NM001127448',9,1),(592,13,'18','NM_020686','NM020686',9,1),(593,13,'18','NP_000654','NP000654',9,1),(594,13,'18','NP_001120920','NP001120920',9,1),(595,13,'18','NP_065737','NP065737',9,1),(596,14,'19','GO:0016020','GO0016020',1,1),(597,14,'19','GO:0030349','GO0030349',1,1),(598,14,'19','GO:0034188','GO0034188',1,1),(599,14,'19','GO:0033344','GO0033344',1,1),(600,14,'19','GO:0030301','GO0030301',1,1),(601,14,'19','GO:0045332','GO0045332',1,1),(602,14,'19','GO:0005887','GO0005887',1,1),(603,14,'19','GO:0005515','GO0005515',1,1),(604,14,'19','GO:0042157','GO0042157',1,1),(605,14,'19','GO:0030819','GO0030819',1,1),(606,14,'19','GO:0016887','GO0016887',1,1),(607,14,'19','GO:0055091','GO0055091',1,1),(608,14,'19','GO:0042493','GO0042493',1,1),(609,14,'19','GO:0008035','GO0008035',1,1),(610,14,'19','GO:0045121','GO0045121',1,1),(611,14,'19','GO:0010742','GO0010742',1,1),(612,14,'19','GO:0033700','GO0033700',1,1),(613,14,'19','GO:0043691','GO0043691',1,1),(614,14,'19','GO:0042158','GO0042158',1,1),(615,14,'19','GO:0005548','GO0005548',1,1),(616,14,'19','GO:0050702','GO0050702',1,1),(617,14,'19','GO:0031267','GO0031267',1,1),(618,14,'19','GO:0006911','GO0006911',1,1),(619,14,'19','GO:0005524','GO0005524',1,1),(620,14,'19','GO:0008203','GO0008203',1,1),(621,14,'19','GO:0015485','GO0015485',1,1),(622,14,'19','GO:0002790','GO0002790',1,1),(623,14,'19','GO:0008202','GO0008202',1,1),(624,14,'19','GO:0045335','GO0045335',1,1),(625,14,'19','GO:0000166','GO0000166',1,1),(626,14,'19','GO:0015914','GO0015914',1,1),(627,14,'19','GO:0017111','GO0017111',1,1),(628,14,'19','GO:0016021','GO0016021',1,1),(629,14,'19','GO:0007584','GO0007584',1,1),(630,14,'19','GO:0042632','GO0042632',1,1),(631,14,'19','GO:0005624','GO0005624',1,1),(632,14,'19','GO:0045834','GO0045834',1,1),(633,14,'19','GO:0005886','GO0005886',1,1),(634,14,'19','GO:0007040','GO0007040',1,1),(635,14,'19','GO:0006810','GO0006810',1,1),(636,14,'19','GO:0043231','GO0043231',1,1),(637,14,'19','GO:0007186','GO0007186',1,1),(638,14,'19','GO:0016197','GO0016197',1,1),(639,14,'19','GO:0032488','GO0032488',1,1),(640,14,'19','GO:0042626','GO0042626',1,1),(641,14,'19','GO:0017127','GO0017127',1,1),(642,14,'19','GO:0060155','GO0060155',1,1),(643,14,'19','GO:0005543','GO0005543',1,1),(644,14,'19','GO:0032367','GO0032367',1,1),(645,14,'19','GO:0006497','GO0006497',1,1),(646,14,'19','GO:0005794','GO0005794',1,1),(647,14,'19','GO:0008509','GO0008509',1,1),(648,14,'19','600046','600046',2,1),(649,14,'19','DT.491162','DT491162',3,1),(650,14,'19','DT.91590402','DT91590402',3,1),(651,14,'19','DT.414915','DT414915',3,1),(652,14,'19','DT.75116842','DT75116842',3,1),(653,14,'19','DT.92430391','DT92430391',3,1),(654,14,'19','DT.97780029','DT97780029',3,1),(655,14,'19','ABCA1','abca1',4,1),(656,14,'19','Rn.148916','148916',5,1),(657,14,'19','Mm.277376','277376',5,1),(658,14,'19','Hs.429294','429294',5,1),(659,14,'19','1383355_at','1383355at',6,1),(660,14,'19','1384381_at','1384381at',6,1),(661,14,'19','1394490_at','1394490at',6,1),(662,14,'19','94354_at','94354at',6,1),(663,14,'19','97198_at','97198at',6,1),(664,14,'19','1421839_at','1421839at',6,1),(665,14,'19','1421840_at','1421840at',6,1),(666,14,'19','1450392_at','1450392at',6,1),(667,14,'19','203504_s_at','203504sat',6,1),(668,14,'19','203505_at','203505at',6,1),(669,14,'19','216066_at','216066at',6,1),(670,14,'19','1570279_at','1570279at',6,1),(671,14,'19','31998_at','31998at',6,1),(672,14,'19','31999_at','31999at',6,1),(673,14,'19','32000_g_at','32000gat',6,1),(674,14,'19','52656_s_at','52656sat',6,1),(675,14,'19','60496_r_at','60496rat',6,1),(676,14,'19','78250_f_at','78250fat',6,1),(677,14,'19','78253_r_at','78253rat',6,1),(678,14,'19','Abc1','abc1',7,1),(679,14,'19','ABC1','abc1',7,1),(680,14,'19','ABC-1','abc1',7,1),(681,14,'19','CERP','cerp',7,1),(682,14,'19','FLJ14958','flj14958',7,1),(683,14,'19','HDLDT1','hdldt1',7,1),(684,14,'19','MGC164864','mgc164864',7,1),(685,14,'19','MGC165011','mgc165011',7,1),(686,14,'19','TGD','tgd',7,1),(687,14,'19','Abca1','abca1',7,1),(688,14,'19','Abca1','abca1',7,1),(689,14,'19','ABCA1','abca1',7,1),(690,14,'19','313210','313210',8,1),(691,14,'19','11303','11303',8,1),(692,14,'19','19','19',8,1),(693,14,'19','NM_178095','NM178095',9,1),(694,14,'19','NP_835196','NP835196',9,1),(695,14,'19','NM_013454','NM013454',9,1),(696,14,'19','NP_038482','NP038482',9,1),(697,14,'19','NM_005502','NM005502',9,1),(698,14,'19','NP_005493','NP005493',9,1),(699,15,'20','GO:0016020','GO0016020',1,1),(700,15,'20','GO:0016023','GO0016023',1,1),(701,15,'20','GO:0032383','GO0032383',1,1),(702,15,'20','GO:0016887','GO0016887',1,1),(703,15,'20','GO:0005765','GO0005765',1,1),(704,15,'20','GO:0042493','GO0042493',1,1),(705,15,'20','GO:0005815','GO0005815',1,1),(706,15,'20','GO:0048545','GO0048545',1,1),(707,15,'20','GO:0043190','GO0043190',1,1),(708,15,'20','GO:0006629','GO0006629',1,1),(709,15,'20','GO:0008203','GO0008203',1,1),(710,15,'20','GO:0005524','GO0005524',1,1),(711,15,'20','GO:0006357','GO0006357',1,1),(712,15,'20','GO:0000166','GO0000166',1,1),(713,15,'20','GO:0042632','GO0042632',1,1),(714,15,'20','GO:0017111','GO0017111',1,1),(715,15,'20','GO:0016021','GO0016021',1,1),(716,15,'20','GO:0006810','GO0006810',1,1),(717,15,'20','GO:0042626','GO0042626',1,1),(718,15,'20','600047','600047',2,1),(719,15,'20','DT.488925','DT488925',3,1),(720,15,'20','DT.100036596','DT100036596',3,1),(721,15,'20','DT.100760652','DT100760652',3,1),(722,15,'20','DT.100766847','DT100766847',3,1),(723,15,'20','DT.100834574','DT100834574',3,1),(724,15,'20','DT.313167','DT313167',3,1),(725,15,'20','DT.92441449','DT92441449',3,1),(726,15,'20','DT.95259311','DT95259311',3,1),(727,15,'20','ABCA2','abca2',4,1),(728,15,'20','Mm.2210','2210',5,1),(729,15,'20','Rn.13115','13115',5,1),(730,15,'20','Hs.421202','421202',5,1),(731,15,'20','104137_at','104137at',6,1),(732,15,'20','1449302_at','1449302at',6,1),(733,15,'20','1368081_at','1368081at',6,1),(734,15,'20','210099_at','210099at',6,1),(735,15,'20','210100_s_at','210100sat',6,1),(736,15,'20','212772_s_at','212772sat',6,1),(737,15,'20','31725_s_at','31725sat',6,1),(738,15,'20','38313_at','38313at',6,1),(739,15,'20','87046_at','87046at',6,1),(740,15,'20','71904_at','71904at',6,1),(741,15,'20','Abc2','abc2',7,1),(742,15,'20','AI413825','ai413825',7,1),(743,15,'20','D2H0S1474E','d2h0s1474e',7,1),(744,15,'20','mKIAA1062','mkiaa1062',7,1),(745,15,'20','Abc2','abc2',7,1),(746,15,'20','ABC2','abc2',7,1),(747,15,'20','MGC129761','mgc129761',7,1),(748,15,'20','Abca2','abca2',7,1),(749,15,'20','Abca2','abca2',7,1),(750,15,'20','ABCA2','abca2',7,1),(751,15,'20','11305','11305',8,1),(752,15,'20','79248','79248',8,1),(753,15,'20','20','20',8,1),(754,15,'20','NM_007379','NM007379',9,1),(755,15,'20','NP_031405','NP031405',9,1),(756,15,'20','NM_024396','NM024396',9,1),(757,15,'20','NP_077372','NP077372',9,1),(758,15,'20','NM_001606','NM001606',9,1),(759,15,'20','NM_212533','NM212533',9,1),(760,15,'20','NP_001597','NP001597',9,1),(761,15,'20','NP_997698','NP997698',9,1),(762,16,'21','GO:0016020','GO0016020',1,1),(763,16,'21','GO:0042599','GO0042599',1,1),(764,16,'21','GO:0016887','GO0016887',1,1),(765,16,'21','GO:0042493','GO0042493',1,1),(766,16,'21','GO:0005215','GO0005215',1,1),(767,16,'21','GO:0005524','GO0005524',1,1),(768,16,'21','GO:0000166','GO0000166',1,1),(769,16,'21','GO:0017111','GO0017111',1,1),(770,16,'21','GO:0016021','GO0016021',1,1),(771,16,'21','GO:0005624','GO0005624',1,1),(772,16,'21','GO:0051384','GO0051384',1,1),(773,16,'21','GO:0005886','GO0005886',1,1),(774,16,'21','GO:0006810','GO0006810',1,1),(775,16,'21','GO:0042626','GO0042626',1,1),(776,16,'21','601615','601615',2,1),(777,16,'21','DT.101221466','DT101221466',3,1),(778,16,'21','DT.101363937','DT101363937',3,1),(779,16,'21','DT.101737734','DT101737734',3,1),(780,16,'21','DT.110560874','DT110560874',3,1),(781,16,'21','DT.91294834','DT91294834',3,1),(782,16,'21','DT.94406619','DT94406619',3,1),(783,16,'21','DT.97339591','DT97339591',3,1),(784,16,'21','DT.97362270','DT97362270',3,1),(785,16,'21','DT.99859980','DT99859980',3,1),(786,16,'21','DT.415038','DT415038',3,1),(787,16,'21','DT.97797548','DT97797548',3,1),(788,16,'21','DT.97822342','DT97822342',3,1),(789,16,'21','ABCA3','abca3',4,1),(790,16,'21','Rn.38406','38406',5,1),(791,16,'21','Mm.477776','477776',5,1),(792,16,'21','Hs.26630','26630',5,1),(793,16,'21','1390563_at','1390563at',6,1),(794,16,'21','1395852_at','1395852at',6,1),(795,16,'21','94234_at','94234at',6,1),(796,16,'21','160155_at','160155at',6,1),(797,16,'21','1425496_at','1425496at',6,1),(798,16,'21','1451731_at','1451731at',6,1),(799,16,'21','1451869_at','1451869at',6,1),(800,16,'21','204343_at','204343at',6,1),(801,16,'21','35183_at','35183at',6,1),(802,16,'21','1810036E22Rik','1810036e22rik',7,1),(803,16,'21','Abc3','abc3',7,1),(804,16,'21','ABC-C','abcc',7,1),(805,16,'21','MGC90532','mgc90532',7,1),(806,16,'21','ABC3','abc3',7,1),(807,16,'21','ABC-C','abcc',7,1),(808,16,'21','EST111653','est111653',7,1),(809,16,'21','LBM180','lbm180',7,1),(810,16,'21','MGC166979','mgc166979',7,1),(811,16,'21','MGC72201','mgc72201',7,1),(812,16,'21','SMDP3','smdp3',7,1),(813,16,'21','Abca3','abca3',7,1),(814,16,'21','Abca3','abca3',7,1),(815,16,'21','ABCA3','abca3',7,1),(816,16,'21','302973','302973',8,1),(817,16,'21','27410','27410',8,1),(818,16,'21','21','21',8,1),(819,16,'21','XM_001054547','XM001054547',9,1),(820,16,'21','XM_001054596','XM001054596',9,1),(821,16,'21','XM_001054650','XM001054650',9,1),(822,16,'21','XM_001054721','XM001054721',9,1),(823,16,'21','XM_220219','XM220219',9,1),(824,16,'21','XP_001054547','XP001054547',9,1),(825,16,'21','XP_001054596','XP001054596',9,1),(826,16,'21','XP_001054650','XP001054650',9,1),(827,16,'21','XP_001054721','XP001054721',9,1),(828,16,'21','XP_220219','XP220219',9,1),(829,16,'21','NM_001039581','NM001039581',9,1),(830,16,'21','NM_013855','NM013855',9,1),(831,16,'21','NP_001034670','NP001034670',9,1),(832,16,'21','NP_038883','NP038883',9,1),(833,16,'21','NM_001089','NM001089',9,1),(834,16,'21','NP_001080','NP001080',9,1),(835,17,'22','GO:0015232','GO0015232',1,1),(836,17,'22','GO:0016020','GO0016020',1,1),(837,17,'22','GO:0006879','GO0006879',1,1),(838,17,'22','GO:0016887','GO0016887',1,1),(839,17,'22','GO:0005743','GO0005743',1,1),(840,17,'22','GO:0008150','GO0008150',1,1),(841,17,'22','GO:0005524','GO0005524',1,1),(842,17,'22','GO:0003674','GO0003674',1,1),(843,17,'22','GO:0000166','GO0000166',1,1),(844,17,'22','GO:0017111','GO0017111',1,1),(845,17,'22','GO:0016021','GO0016021',1,1),(846,17,'22','GO:0005739','GO0005739',1,1),(847,17,'22','GO:0005575','GO0005575',1,1),(848,17,'22','GO:0006810','GO0006810',1,1),(849,17,'22','GO:0042626','GO0042626',1,1),(850,17,'22','300135','300135',2,1),(851,17,'22','DT.101350064','DT101350064',3,1),(852,17,'22','DT.111021629','DT111021629',3,1),(853,17,'22','DT.111021630','DT111021630',3,1),(854,17,'22','DT.481749','DT481749',3,1),(855,17,'22','DT.91421222','DT91421222',3,1),(856,17,'22','DT.99850195','DT99850195',3,1),(857,17,'22','DT.100742050','DT100742050',3,1),(858,17,'22','DT.448190','DT448190',3,1),(859,17,'22','ABCB7','abcb7',4,1),(860,17,'22','Mm.426128','426128',5,1),(861,17,'22','Rn.20068','20068',5,1),(862,17,'22','Hs.370480','370480',5,1),(863,17,'22','92763_at','92763at',6,1),(864,17,'22','1419931_at','1419931at',6,1),(865,17,'22','1427490_at','1427490at',6,1),(866,17,'22','1435006_s_at','1435006sat',6,1),(867,17,'22','209620_s_at','209620sat',6,1),(868,17,'22','41681_at','41681at',6,1),(869,17,'22','63934_at','63934at',6,1),(870,17,'22','63935_g_at','63935gat',6,1),(871,17,'22','AA517758','aa517758',7,1),(872,17,'22','Abc7','abc7',7,1),(873,17,'22','AU019072','au019072',7,1),(874,17,'22','ABC7','abc7',7,1),(875,17,'22','ASAT','asat',7,1),(876,17,'22','Atm1p','atm1p',7,1),(877,17,'22','EST140535','est140535',7,1),(878,17,'22','Abcb7','abcb7',7,1),(879,17,'22','Abcb7','abcb7',7,1),(880,17,'22','ABCB7','abcb7',7,1),(881,17,'22','11306','11306',8,1),(882,17,'22','302395','302395',8,1),(883,17,'22','22','22',8,1),(884,17,'22','NM_009592','NM009592',9,1),(885,17,'22','XM_907304','XM907304',9,1),(886,17,'22','XM_920355','XM920355',9,1),(887,17,'22','NP_033722','NP033722',9,1),(888,17,'22','XP_912397','XP912397',9,1),(889,17,'22','XP_925448','XP925448',9,1),(890,17,'22','NM_212518','NM212518',9,1),(891,17,'22','NP_997683','NP997683',9,1),(892,17,'22','NM_004299','NM004299',9,1),(893,17,'22','NP_004290','NP004290',9,1),(894,18,'23','GO:0043023','GO0043023',1,1),(895,18,'23','GO:0016887','GO0016887',1,1),(896,18,'23','GO:0043024','GO0043024',1,1),(897,18,'23','GO:0006412','GO0006412',1,1),(898,18,'23','GO:0005840','GO0005840',1,1),(899,18,'23','GO:0005524','GO0005524',1,1),(900,18,'23','GO:0000166','GO0000166',1,1),(901,18,'23','GO:0017111','GO0017111',1,1),(902,18,'23','GO:0008135','GO0008135',1,1),(903,18,'23','GO:0042626','GO0042626',1,1),(904,18,'23','GO:0006954','GO0006954',1,1),(905,18,'23','603429','603429',2,1),(906,18,'23','DT.101129008','DT101129008',3,1),(907,18,'23','DT.110576306','DT110576306',3,1),(908,18,'23','DT.55229013','DT55229013',3,1),(909,18,'23','DT.100815058','DT100815058',3,1),(910,18,'23','DT.100815063','DT100815063',3,1),(911,18,'23','DT.101984925','DT101984925',3,1),(912,18,'23','DT.217889','DT217889',3,1),(913,18,'23','DT.92442036','DT92442036',3,1),(914,18,'23','ABCF1','abcf1',4,1),(915,18,'23','Rn.14350','14350',5,1),(916,18,'23','Mm.329022','329022',5,1),(917,18,'23','Hs.655285','655285',5,1),(918,18,'23','1398876_at','1398876at',6,1),(919,18,'23','97330_at','97330at',6,1),(920,18,'23','1420157_s_at','1420157sat',6,1),(921,18,'23','1420158_s_at','1420158sat',6,1),(922,18,'23','1426921_at','1426921at',6,1),(923,18,'23','1427444_at','1427444at',6,1),(924,18,'23','1452236_at','1452236at',6,1),(925,18,'23','1452429_s_at','1452429sat',6,1),(926,18,'23','200045_at','200045at',6,1),(927,18,'23','39141_at','39141at',6,1),(928,18,'23','Abc50','abc50',7,1),(929,18,'23','Abc50','abc50',7,1),(930,18,'23','AU041969','au041969',7,1),(931,18,'23','D17Wsu166e','d17wsu166e',7,1),(932,18,'23','GCN20','gcn20',7,1),(933,18,'23','ABC27','abc27',7,1),(934,18,'23','ABC50','abc50',7,1),(935,18,'23','Abcf1','abcf1',7,1),(936,18,'23','Abcf1','abcf1',7,1),(937,18,'23','ABCF1','abcf1',7,1),(938,18,'23','85493','85493',8,1),(939,18,'23','224742','224742',8,1),(940,18,'23','23','23',8,1),(941,18,'23','NM_001109883','NM001109883',9,1),(942,18,'23','XM_001056151','XM001056151',9,1),(943,18,'23','XM_001062137','XM001062137',9,1),(944,18,'23','NP_001103353','NP001103353',9,1),(945,18,'23','XP_001056151','XP001056151',9,1),(946,18,'23','XP_001062137','XP001062137',9,1),(947,18,'23','NM_013854','NM013854',9,1),(948,18,'23','NP_038882','NP038882',9,1),(949,18,'23','NM_001025091','NM001025091',9,1),(950,18,'23','NM_001090','NM001090',9,1),(951,18,'23','NP_001020262','NP001020262',9,1),(952,18,'23','NP_001081','NP001081',9,1),(953,19,'24','GO:0016020','GO0016020',1,1),(954,19,'24','GO:0007601','GO0007601',1,1),(955,19,'24','GO:0005887','GO0005887',1,1),(956,19,'24','GO:0050896','GO0050896',1,1),(957,19,'24','GO:0016887','GO0016887',1,1),(958,19,'24','GO:0045494','GO0045494',1,1),(959,19,'24','GO:0008150','GO0008150',1,1),(960,19,'24','GO:0005215','GO0005215',1,1),(961,19,'24','GO:0005548','GO0005548',1,1),(962,19,'24','GO:0005524','GO0005524',1,1),(963,19,'24','GO:0003674','GO0003674',1,1),(964,19,'24','GO:0000166','GO0000166',1,1),(965,19,'24','GO:0006649','GO0006649',1,1),(966,19,'24','GO:0017111','GO0017111',1,1),(967,19,'24','GO:0016021','GO0016021',1,1),(968,19,'24','GO:0005624','GO0005624',1,1),(969,19,'24','GO:0006810','GO0006810',1,1),(970,19,'24','GO:0005575','GO0005575',1,1),(971,19,'24','GO:0042626','GO0042626',1,1),(972,19,'24','GO:0007603','GO0007603',1,1),(973,19,'24','GO:0004012','GO0004012',1,1),(974,19,'24','601691','601691',2,1),(975,19,'24','DT.101341890','DT101341890',3,1),(976,19,'24','DT.101722342','DT101722342',3,1),(977,19,'24','DT.55108177','DT55108177',3,1),(978,19,'24','DT.91419758','DT91419758',3,1),(979,19,'24','DT.97359171','DT97359171',3,1),(980,19,'24','DT.314419','DT314419',3,1),(981,19,'24','DT.97821623','DT97821623',3,1),(982,19,'24','ABCA4','abca4',4,1),(983,19,'24','Rn.40415','40415',5,1),(984,19,'24','Mm.3918','3918',5,1),(985,19,'24','Hs.416707','416707',5,1),(986,19,'24','1384603_at','1384603at',6,1),(987,19,'24','97730_at','97730at',6,1),(988,19,'24','1449588_at','1449588at',6,1),(989,19,'24','210082_at','210082at',6,1),(990,19,'24','1569102_at','1569102at',6,1),(991,19,'24','40963_at','40963at',6,1),(992,19,'24','ABCR','abcr',7,1),(993,19,'24','Abc10','abc10',7,1),(994,19,'24','Abcr','abcr',7,1),(995,19,'24','AW050280','aw050280',7,1),(996,19,'24','D430003I15Rik','d430003i15rik',7,1),(997,19,'24','RmP','rmp',7,1),(998,19,'24','ABC10','abc10',7,1),(999,19,'24','ABCR','abcr',7,1),(1000,19,'24','ARMD2','armd2',7,1);
/*!40000 ALTER TABLE `keyword` ENABLE KEYS */;
UNLOCK TABLES;

--
-- Table structure for table `keyword_type`
--

DROP TABLE IF EXISTS `keyword_type`;
CREATE TABLE `keyword_type` (
  `keyword_type_id` int(11) NOT NULL auto_increment,
  `keyword_type` varchar(50) NOT NULL default '',
  `keyword_type_pretty` varchar(50) NOT NULL default '',
  `object_class_id` varchar(50) NOT NULL default '',
  `normalize_method` varchar(200) default NULL,
  `is_method` varchar(200) NOT NULL default '',
  `search_method` varchar(200) NOT NULL default '',
  `one_result` int(11) NOT NULL default '0',
  PRIMARY KEY  (`keyword_type_id`),
  KEY `object_class_id` (`object_class_id`),
  KEY `keyword_type` (`keyword_type`)
) ENGINE=MyISAM AUTO_INCREMENT=20 DEFAULT CHARSET=latin1;

--
-- Dumping data for table `keyword_type`
--
-- WHERE:  true LIMIT 1000

LOCK TABLES `keyword_type` WRITE;
/*!40000 ALTER TABLE `keyword_type` DISABLE KEYS */;
INSERT INTO `keyword_type` VALUES (1,'go_id','GO ID','1','GDxBase::Search::Stripper::remove_special_characters','is_go','keyword',0),(2,'omim_id','OMIM ID','1','GDxBase::Search::Stripper::remove_bookends_non_numeric','is_omim','keyword',1),(3,'epcondb_dts','EPConDB DT ID','1','GDxBase::Search::Stripper::remove_special_characters','is_dot','keyword',1),(4,'preferred_name','Preferred Name','1','GDxBase::Search::Stripper::gene_symbol','is_genename','keyword',1),(5,'unigene_id','Unigene ID','1','GDxBase::Search::Stripper::remove_bookends_non_numeric','is_unigene','keyword',1),(6,'affy_probes','Affymetrix Probe','1','GDxBase::Search::Stripper::remove_special_characters','is_affy','keyword',1),(7,'alternate_gene_names','Alternate Gene Symbol','1','GDxBase::Search::Stripper::gene_symbol','is_genename','keyword',0),(8,'locus_link_id','Entrez Gene ID','1','GDxBase::Search::Stripper::remove_bookends_non_numeric','is_locuslink','keyword',1),(9,'refseqs','RefSeq ID','1','GDxBase::Search::Stripper::remove_special_characters','is_refseq','keyword',1),(10,'gene_family','Gene Family','1','GDxBase::Search::Stripper::get_hugo_no_digits','is_gene_family','keyword_fuzzy',0),(11,'omim_id','OMIM ID','2','GDxBase::Search::Stripper::remove_bookends_non_numeric','is_omim','keyword',0),(12,'locus_name','Locus Name','2','GDxBase::Search::Stripper::remove_special_characters','is_locus','keyword_fuzzy',1),(13,'probe_list','Affymetrix Probe ID','3','GDxBase::Search::Stripper::remove_special_characters','is_affy','keyword',1),(14,'annotated_gene_name','Annotated Gene Name','3','GDxBase::Search::Stripper::gene_symbol','is_genename','keyword',0),(15,'aliases','Gene Symbol','3','GDxBase::Search::Stripper::gene_symbol','is_genename','keyword',0),(16,'publications','PubMed ID','3','GDxBase::Search::Stripper::remove_bookends_non_numeric','is_pmid','keyword',0),(17,'sequence_id_list','Sequence ID','3','GDxBase::Search::Stripper::remove_special_characters','is_seq','keyword',1),(18,'marker_id','Marker ID','4','GDxBase::Search::Stripper::remove_special_characters','is_marker','GDxBase::Persistable::Marker::Keyword::search_marker',1),(19,'marker_synonym','Marker Synonym','4','GDxBase::Search::Stripper::remove_special_characters','is_anything','keyword',0);
/*!40000 ALTER TABLE `keyword_type` ENABLE KEYS */;
UNLOCK TABLES;

--
-- Table structure for table `object_class`
--

DROP TABLE IF EXISTS `object_class`;
CREATE TABLE `object_class` (
  `object_class_id` int(11) NOT NULL auto_increment,
  `object_class` varchar(200) NOT NULL default '',
  PRIMARY KEY  (`object_class_id`),
  KEY `object_class` (`object_class`)
) ENGINE=MyISAM AUTO_INCREMENT=5 DEFAULT CHARSET=latin1;

--
-- Dumping data for table `object_class`
--
-- WHERE:  true LIMIT 1000

LOCK TABLES `object_class` WRITE;
/*!40000 ALTER TABLE `object_class` DISABLE KEYS */;
INSERT INTO `object_class` VALUES (1,'GDxBase::Persistable::CompoundGene'),(2,'GDxBase::Persistable::Locus'),(3,'GDxBase::Persistable::GeneBankAnnotation'),(4,'GDxBase::Persistable::Marker');
/*!40000 ALTER TABLE `object_class` ENABLE KEYS */;
UNLOCK TABLES;

/*!40101 SET SQL_MODE=@OLD_SQL_MODE */;
/*!40014 SET FOREIGN_KEY_CHECKS=@OLD_FOREIGN_KEY_CHECKS */;
/*!40014 SET UNIQUE_CHECKS=@OLD_UNIQUE_CHECKS */;
/*!40101 SET CHARACTER_SET_CLIENT=@OLD_CHARACTER_SET_CLIENT */;
/*!40101 SET CHARACTER_SET_RESULTS=@OLD_CHARACTER_SET_RESULTS */;
/*!40101 SET COLLATION_CONNECTION=@OLD_COLLATION_CONNECTION */;
/*!40111 SET SQL_NOTES=@OLD_SQL_NOTES */;

